"chr","position"
"cg23934071","chr10",91802
"cg25165860","chr10",96551
"cg06080311","chr10",120023
"cg24788308","chr10",120151
"cg01486665","chr10",176774
"cg13939078","chr10",179114
"cg08828193","chr10",179725
"cg26963790","chr10",180188
"cg17632565","chr10",180225
"cg00614684","chr10",180265
"cg03254875","chr10",180361
"cg05236965","chr10",180411
"cg22593633","chr10",180465
"cg14694828","chr10",180467
"cg12639781","chr10",180504
"cg02813021","chr10",180599
"cg14255089","chr10",180755
"cg07969473","chr10",181286
"cg03748352","chr10",182365
"cg26100059","chr10",182473
"cg03409144","chr10",185935
"cg12094942","chr10",225064
"cg20011529","chr10",236096
"cg16346588","chr10",242978
"cg14301030","chr10",264920
"cg09859564","chr10",281489
"cg18570800","chr10",294353
"cg25571941","chr10",294428
"cg10620767","chr10",300254
"cg09554836","chr10",313778
"cg08741923","chr10",313803
"cg18308877","chr10",313813
"cg05611731","chr10",319128
"cg17568266","chr10",319225
"cg03798774","chr10",319282
"cg04630908","chr10",321782
"cg15551781","chr10",321830
"cg05484691","chr10",321879
"cg19082416","chr10",323260
"cg09805925","chr10",323396
"cg14497145","chr10",323809
"cg02334521","chr10",324041
"cg18721155","chr10",327225
"cg17319285","chr10",327243
"cg27197835","chr10",327439
"cg12537302","chr10",327533
"cg27311272","chr10",332271
"cg13387972","chr10",334430
"cg24718710","chr10",334537
"cg07629149","chr10",334731
"cg23844018","chr10",334773
"cg09929879","chr10",343794
"cg13351028","chr10",346227
"cg12126869","chr10",346505
"cg02433139","chr10",346807
"cg26564768","chr10",347227
"cg20187308","chr10",347459
"cg06316502","chr10",348989
"cg02614932","chr10",349042
"cg10839502","chr10",349146
"cg02122937","chr10",352668
"cg22869706","chr10",357284
"cg12184994","chr10",357370
"cg09893431","chr10",365919
"cg14931884","chr10",369977
"cg26363598","chr10",370690
"cg23983710","chr10",370756
"cg22866998","chr10",372589
"cg24386905","chr10",372859
"cg22831256","chr10",373069
"cg25301103","chr10",373957
"cg11423998","chr10",374010
"cg13477178","chr10",375248
"cg06193766","chr10",375391
"cg08410533","chr10",375830
"cg12519998","chr10",384286
"cg13859346","chr10",384506
"cg17463564","chr10",384587
"cg14072016","chr10",384652
"cg01272967","chr10",386708
"cg11385204","chr10",387348
"cg09246611","chr10",387435
"cg06498313","chr10",387473
"cg13323828","chr10",387543
"cg19272109","chr10",388967
"cg23485716","chr10",390268
"cg03588299","chr10",390961
"cg08613606","chr10",394333
"cg20599496","chr10",394832
"cg06297554","chr10",395173
"cg17220574","chr10",395292
"cg22549984","chr10",395367
"cg15096465","chr10",396979
"cg19563415","chr10",397125
"cg09280022","chr10",397227
"cg27375135","chr10",397923
"cg07489488","chr10",400897
"cg05194481","chr10",403383
"cg11198912","chr10",403424
"cg04213845","chr10",403653
"cg07983394","chr10",405182
"cg20595750","chr10",405225
"cg18074403","chr10",405362
"cg20251943","chr10",407721
"cg03340365","chr10",407847
"cg06841713","chr10",407935
"cg20652759","chr10",409280
"cg03538979","chr10",409311
"cg05764011","chr10",409541
"cg26561082","chr10",410363
"cg17587986","chr10",410441
"cg11670802","chr10",411741
"cg00499245","chr10",411799
"cg07638334","chr10",411837
"cg04336905","chr10",412257
"cg15584954","chr10",412325
"cg09943714","chr10",413744
"cg24131452","chr10",415359
"cg24136740","chr10",415418
"cg06920946","chr10",415489
"cg19204958","chr10",415937
"cg01117269","chr10",416315
"cg18196295","chr10",418757
"cg03979024","chr10",419189
"cg02389931","chr10",422076
"cg15212354","chr10",422330
"cg04806237","chr10",422393
"cg08306029","chr10",423607
"cg01308737","chr10",429979
"cg14918503","chr10",429999
"cg15727759","chr10",431228
"cg16448401","chr10",431491
"cg14466661","chr10",431934
"cg12530103","chr10",432066
"cg10676604","chr10",433017
"cg19579652","chr10",433089
"cg20471927","chr10",435953
"cg05005968","chr10",436077
"cg01361261","chr10",436604
"cg12708799","chr10",438227
"cg26406407","chr10",438229
"cg18334288","chr10",438317
"cg13540860","chr10",438517
"cg27081107","chr10",438661
"cg19462116","chr10",438843
"cg01405879","chr10",441309
"cg19334176","chr10",443029
"cg10610949","chr10",444914
"cg20256804","chr10",444983
"cg07996555","chr10",453149
"cg25647665","chr10",453318
"cg15862380","chr10",457264
"cg14018140","chr10",458528
"cg14955916","chr10",459968
"cg19026125","chr10",461847
"cg00393546","chr10",461919
"cg05528280","chr10",464225
"cg27315601","chr10",464965
"cg27373220","chr10",465035
"cg19963795","chr10",465366
"cg10872057","chr10",465460
"cg00919921","chr10",465584
"cg14780777","chr10",465796
"cg17223645","chr10",465844
"cg20634940","chr10",465975
"cg11740194","chr10",466232
"cg05336292","chr10",466338
"cg04248461","chr10",466737
"cg11295183","chr10",466878
"cg03287763","chr10",467839
"cg00562504","chr10",468347
"cg02594677","chr10",468386
"cg24461627","chr10",468412
"cg23081284","chr10",468670
"cg24562018","chr10",468849
"cg04926193","chr10",497316
"cg19922774","chr10",498298
"cg23125901","chr10",504452
"cg18469036","chr10",504497
"cg12520276","chr10",516613
"cg02403283","chr10",518210
"cg26718707","chr10",518370
"cg00332951","chr10",518470
"cg11588566","chr10",519360
"cg06006665","chr10",519597
"cg20684696","chr10",520447
"cg00644447","chr10",520566
"cg02531768","chr10",521758
"cg06061092","chr10",521787
"cg05282135","chr10",524647
"cg14648190","chr10",525733
"cg00195144","chr10",525946
"cg11199097","chr10",526106
"cg00961127","chr10",526813
"cg23336452","chr10",527009
"cg02746771","chr10",527872
"cg26134737","chr10",528141
"cg04825276","chr10",529387
"cg19902173","chr10",529521
"cg16977735","chr10",530714
"cg00590260","chr10",530805
"cg27421267","chr10",530836
"cg00219169","chr10",530951
"cg09955645","chr10",531098
"cg26116937","chr10",531152
"cg27568360","chr10",531320
"cg06439603","chr10",531465
"cg14429526","chr10",531562
"cg25712088","chr10",531569
"cg20472384","chr10",531584
"cg12531838","chr10",531914
"cg17905091","chr10",532287
"cg06492521","chr10",532357
"cg18442019","chr10",532409
"cg10448724","chr10",532791
"cg10984000","chr10",532908
"cg08605347","chr10",533359
"cg11672338","chr10",533420
"cg25737283","chr10",533479
"cg12404313","chr10",534852
"cg17861458","chr10",536227
"cg05734675","chr10",537033
"cg27598761","chr10",537128
"cg03147470","chr10",537178
"cg16528305","chr10",537817
"cg06042849","chr10",547025
"cg04759187","chr10",548964
"cg16072823","chr10",549040
"cg17142816","chr10",550427
"cg16899038","chr10",550564
"cg00780540","chr10",553457
"cg03684893","chr10",554711
"cg04055053","chr10",555133
"cg09445902","chr10",555545
"cg20230569","chr10",555957
"cg24723476","chr10",556017
"cg27335999","chr10",556044
"cg24502027","chr10",556470
"cg26511507","chr10",556548
"cg11573170","chr10",556762
"cg07566917","chr10",557109
"cg26964170","chr10",557217
"cg17079987","chr10",557562
"cg22737241","chr10",557605
"cg11351927","chr10",557886
"cg10041950","chr10",557936
"cg24754199","chr10",559376
"cg26245549","chr10",559468
"cg04583813","chr10",560323
"cg06043710","chr10",560371
"cg21373996","chr10",560669
"cg06156195","chr10",566129
"cg25678180","chr10",568553
"cg23325364","chr10",568840
"cg24346263","chr10",569006
"cg09758680","chr10",574553
"cg14438812","chr10",574670
"cg19223119","chr10",574732
"cg18936283","chr10",575899
"cg02893204","chr10",576012
"cg13617047","chr10",576032
"cg22951128","chr10",576100
"cg19341715","chr10",577087
"cg20452252","chr10",577236
"cg07896099","chr10",577571
"cg02208820","chr10",577713
"cg10441401","chr10",578084
"cg26605865","chr10",582370
"cg21341821","chr10",587122
"cg13874012","chr10",589143
"cg05544394","chr10",589217
"cg14957660","chr10",589375
"cg16123366","chr10",589959
"cg13303328","chr10",590014
"cg02792136","chr10",590541
"cg13185377","chr10",601783
"cg06279296","chr10",601816
"cg23027329","chr10",603950
"cg09522479","chr10",604032
"cg11671075","chr10",604461
"cg07102380","chr10",612266
"cg18503291","chr10",612314
"cg00954391","chr10",612391
"cg06677151","chr10",616959
"cg11081275","chr10",616995
"cg06513979","chr10",617105
"cg11001780","chr10",623056
"cg09961254","chr10",627679
"cg26314924","chr10",629565
"cg14725733","chr10",629582
"cg03038245","chr10",630310
"cg13908149","chr10",630942
"cg17330278","chr10",631304
"cg10423587","chr10",632914
"cg08783695","chr10",633154
"cg11360973","chr10",636076
"cg26725665","chr10",636140
"cg15123499","chr10",636241
"cg04198075","chr10",636331
"cg10093358","chr10",636390
"cg15912031","chr10",639935
"cg24429708","chr10",640061
"cg13544966","chr10",640085
"cg11920745","chr10",640738
"cg09313191","chr10",640770
"cg03943594","chr10",640996
"cg24341711","chr10",641641
"cg27291602","chr10",644977
"cg25787645","chr10",648850
"cg27159421","chr10",651060
"cg18502238","chr10",651119
"cg03738915","chr10",651915
"cg00939347","chr10",652260
"cg14405825","chr10",652597
"cg10591926","chr10",653048
"cg01233968","chr10",653335
"cg00950947","chr10",653567
"cg09444036","chr10",658638
"cg19926144","chr10",661009
"cg03844838","chr10",661087
"cg11848113","chr10",661159
"cg03182620","chr10",661319
"cg26782150","chr10",664719
"cg18474072","chr10",664762
"cg08784934","chr10",664994
"cg14429457","chr10",665304
"cg04724275","chr10",665393
"cg18467406","chr10",665510
"cg26263145","chr10",666024
"cg07665134","chr10",669071
"cg13471336","chr10",669170
"cg02128191","chr10",669285
"cg25354348","chr10",670562
"cg06571559","chr10",670787
"cg11468148","chr10",670815
"cg17293868","chr10",671007
"cg02700106","chr10",671406
"cg25438801","chr10",671497
"cg03585389","chr10",671628
"cg11046864","chr10",673310
"cg00713247","chr10",675888
"cg15346619","chr10",675907
"cg26467471","chr10",676529
"cg03459202","chr10",676740
"cg09143959","chr10",677269
"cg22780174","chr10",677369
"cg13984756","chr10",678263
"cg05867158","chr10",678920
"cg08079763","chr10",679171
"cg04720116","chr10",679221
"cg03559389","chr10",679322
"cg25297146","chr10",679399
"cg08324703","chr10",679514
"cg10580626","chr10",680352
"cg10937807","chr10",682147
"cg01020035","chr10",682152
"cg10071852","chr10",682449
"cg24284571","chr10",682693
"cg25020678","chr10",682841
"cg07571638","chr10",682871
"cg13416461","chr10",685357
"cg02410304","chr10",685448
"cg07262659","chr10",685962
"cg17786661","chr10",686080
"cg26986958","chr10",686354
"cg12525330","chr10",686762
"cg23814172","chr10",687493
"cg10030710","chr10",693439
"cg19683608","chr10",695403
"cg05585149","chr10",695844
"cg11722581","chr10",695853
"cg01263942","chr10",695859
"cg17198320","chr10",695877
"cg07469445","chr10",695900
"cg01573089","chr10",696063
"cg12753366","chr10",696321
"cg14121234","chr10",696332
"cg22656048","chr10",696356
"cg22999536","chr10",697771
"cg19765175","chr10",697840
"cg20436707","chr10",698162
"cg27233847","chr10",698258
"cg07870074","chr10",706006
"cg10936057","chr10",708425
"cg12513686","chr10",709592
"cg16859636","chr10",709610
"cg13660126","chr10",709898
"cg15516835","chr10",710082
"cg10494981","chr10",711556
"cg17333886","chr10",711676
"cg13775636","chr10",711897
"cg23681599","chr10",711944
"cg26311782","chr10",712032
"cg24962011","chr10",712165
"cg26807432","chr10",712207
"cg16942135","chr10",712394
"cg12760625","chr10",712442
"cg12724894","chr10",716157
"cg17417594","chr10",717486
"cg20706311","chr10",724510
"cg24470298","chr10",729001
"cg26873457","chr10",729204
"cg12808565","chr10",729259
"cg12014181","chr10",729479
"cg01022670","chr10",729711
"cg10064922","chr10",729846
"cg05450336","chr10",729916
"cg18503829","chr10",729956
"cg04044936","chr10",731292
"cg18303423","chr10",734268
"cg18346182","chr10",734399
"cg07236840","chr10",734710
"cg10796899","chr10",735041
"cg25488288","chr10",735472
"cg08754967","chr10",736083
"cg00025991","chr10",736625
"cg04586563","chr10",736974
"cg06713760","chr10",738683
"cg13686013","chr10",740190
"cg05495790","chr10",743286
"cg22954052","chr10",743392
"cg25580864","chr10",743478
"cg00081439","chr10",743761
"cg00617691","chr10",743931
"cg15214801","chr10",744747
"cg26201596","chr10",766041
"cg06581033","chr10",766294
"cg19901101","chr10",766431
"cg17581286","chr10",766464
"cg09797993","chr10",766501
"cg15517295","chr10",768541
"cg23310253","chr10",768867
"cg17358124","chr10",771624
"cg17836247","chr10",772969
"cg11652982","chr10",773101
"cg12521736","chr10",773141
"cg06111461","chr10",778123
"cg25048816","chr10",778219
"cg06264868","chr10",778709
"cg22580275","chr10",816999
"cg09679939","chr10",817083
"cg11580028","chr10",819603
"cg17135675","chr10",820027
"cg25206343","chr10",820206
"cg04390488","chr10",820321
"cg17634326","chr10",820430
"cg10520405","chr10",820509
"cg18405079","chr10",820767
"cg02646251","chr10",821124
"cg13856405","chr10",821395
"cg18205883","chr10",821718
"cg02961196","chr10",822873
"cg13775593","chr10",823151
"cg14097185","chr10",829333
"cg12876012","chr10",829420
"cg24024903","chr10",830689
"cg12233833","chr10",830825
"cg01169559","chr10",831247
"cg12747076","chr10",831835
"cg11725852","chr10",832765
"cg10077985","chr10",833127
"cg03528710","chr10",833290
"cg02700194","chr10",834378
"cg10017260","chr10",834428
"cg09361094","chr10",834503
"cg10556349","chr10",835070
"cg20503657","chr10",835505
"cg26597838","chr10",835615
"cg10435618","chr10",838112
"cg23446641","chr10",844186
"cg20718524","chr10",849032
"cg22539182","chr10",850393
"cg18468041","chr10",851101
"cg00341843","chr10",851265
"cg02193355","chr10",851439
"cg12537286","chr10",852579
"cg24147119","chr10",853153
"cg24558718","chr10",853215
"cg02339742","chr10",853325
"cg27123106","chr10",855660
"cg05867360","chr10",855796
"cg04180113","chr10",855857
"cg13163782","chr10",856428
"cg20035724","chr10",856514
"cg06661542","chr10",858328
"cg17893934","chr10",858817
"cg06296597","chr10",858900
"cg08876481","chr10",858923
"cg15213732","chr10",860677
"cg23889654","chr10",860862
"cg15106503","chr10",860989
"cg18556420","chr10",864596
"cg05931497","chr10",867221
"cg08836481","chr10",882938
"cg16905822","chr10",924646
"cg10789261","chr10",931643
"cg01736278","chr10",931793
"cg25019033","chr10",957182
"cg06283432","chr10",968280
"cg26945894","chr10",974338
"cg16584947","chr10",976548
"cg24862861","chr10",976594
"cg00979582","chr10",976940
"cg04426620","chr10",977622
"cg16087527","chr10",978019
"cg02945811","chr10",978077
"cg01503450","chr10",980765
"cg14644865","chr10",994943
"cg02989453","chr10",995095
"cg22671939","chr10",1000300
"cg27308386","chr10",1000575
"cg00580604","chr10",1011248
"cg04699214","chr10",1011381
"cg11349980","chr10",1016695
"cg02940555","chr10",1019026
"cg14578311","chr10",1019787
"cg14626196","chr10",1025639
"cg18953039","chr10",1031432
"cg01430385","chr10",1033349
"cg15317837","chr10",1033901
"cg06753689","chr10",1034030
"cg19592742","chr10",1034166
"cg07392088","chr10",1034168
"cg11342415","chr10",1034284
"cg19225923","chr10",1034293
"cg20250570","chr10",1034318
"cg26464006","chr10",1034338
"cg16553134","chr10",1034401
"cg24291776","chr10",1034677
"cg25125317","chr10",1037934
"cg09085653","chr10",1042113
"cg15537487","chr10",1043368
"cg20744788","chr10",1043407
"cg14956193","chr10",1058092
"cg07954259","chr10",1064919
"cg09160461","chr10",1067372
"cg20463894","chr10",1067420
"cg01054775","chr10",1067538
"cg07316943","chr10",1068490
"cg11799387","chr10",1068528
"cg20335179","chr10",1068567
"cg04006718","chr10",1068667
"cg16884822","chr10",1068703
"cg05032595","chr10",1071085
"cg11406340","chr10",1071573
"cg00443788","chr10",1072690
"cg12494529","chr10",1082432
"cg18335535","chr10",1083192
"cg09063859","chr10",1086904
"cg26485946","chr10",1094306
"cg07948196","chr10",1094429
"cg08907850","chr10",1094976
"cg23427963","chr10",1095038
"cg01098656","chr10",1095069
"cg24005309","chr10",1095235
"cg00128188","chr10",1095446
"cg23359895","chr10",1095482
"cg08020381","chr10",1095554
"cg08668510","chr10",1095578
"cg02827958","chr10",1099945
"cg26857378","chr10",1102112
"cg27274028","chr10",1102313
"cg05228244","chr10",1102351
"cg17947053","chr10",1102371
"cg00471562","chr10",1102373
"cg20716571","chr10",1102456
"cg03875347","chr10",1102609
"cg19484183","chr10",1102611
"cg19955521","chr10",1102667
"cg18964960","chr10",1102726
"cg17833322","chr10",1102835
"cg04731091","chr10",1102917
"cg20888337","chr10",1103340
"cg19193241","chr10",1103535
"cg27479949","chr10",1105842
"cg24770389","chr10",1117587
"cg18327583","chr10",1118549
"cg25019898","chr10",1118816
"cg05138270","chr10",1119686
"cg13244000","chr10",1120434
"cg27201679","chr10",1120794
"cg09856470","chr10",1129669
"cg24842223","chr10",1129728
"cg26698744","chr10",1129776
"cg09753778","chr10",1130390
"cg01468921","chr10",1130405
"cg10998124","chr10",1130462
"cg09718251","chr10",1132730
"cg12547667","chr10",1132739
"cg01068320","chr10",1142094
"cg10212457","chr10",1142144
"cg26270792","chr10",1142269
"cg06233823","chr10",1142583
"cg24757797","chr10",1142663
"cg14252222","chr10",1147630
"cg07660665","chr10",1147798
"cg07217563","chr10",1149628
"cg15876513","chr10",1149726
"cg03714691","chr10",1151138
"cg23573822","chr10",1151180
"cg10838380","chr10",1156113
"cg02229288","chr10",1156176
"cg17715243","chr10",1156212
"cg03444838","chr10",1156482
"cg17900199","chr10",1156548
"cg24064224","chr10",1156594
"cg00779313","chr10",1166994
"cg25869105","chr10",1167487
"cg03087203","chr10",1167544
"cg06992868","chr10",1167688
"cg24411488","chr10",1167737
"cg26272150","chr10",1167786
"cg26525375","chr10",1174817
"cg03623354","chr10",1175000
"cg25275452","chr10",1175755
"cg24089612","chr10",1176099
"cg07408340","chr10",1176128
"cg23462505","chr10",1176149
"cg20682517","chr10",1176574
"cg26207837","chr10",1196452
"cg07514372","chr10",1196566
"cg27339290","chr10",1196719
"cg15122498","chr10",1198689
"cg00297741","chr10",1198879
"cg24981169","chr10",1199050
"cg13601565","chr10",1200124
"cg06972641","chr10",1200199
"cg01403379","chr10",1202350
"cg11945674","chr10",1204214
"cg00666074","chr10",1205222
"cg06891538","chr10",1205229
"cg12601963","chr10",1205858
"cg04358027","chr10",1205942
"cg26868806","chr10",1206641
"cg04619047","chr10",1206690
"cg18601422","chr10",1208077
"cg17088185","chr10",1209315
"cg00632125","chr10",1209447
"cg12644617","chr10",1209939
"cg23170535","chr10",1213441
"cg11130780","chr10",1213469
"cg02787327","chr10",1213488
"cg09261793","chr10",1215440
"cg04374015","chr10",1218763
"cg08894744","chr10",1219231
"cg04173397","chr10",1219289
"cg05253630","chr10",1219904
"cg17519479","chr10",1222037
"cg07990582","chr10",1222408
"cg08457332","chr10",1222504
"cg21364615","chr10",1222689
"cg23624713","chr10",1226645
"cg03062757","chr10",1226656
"cg10241608","chr10",1226699
"cg12589188","chr10",1226886
"cg09105442","chr10",1228439
"cg10834803","chr10",1228893
"cg02027800","chr10",1228949
"cg10055817","chr10",1229050
"cg08944086","chr10",1229080
"cg04976075","chr10",1230850
"cg18947437","chr10",1231002
"cg02224138","chr10",1231119
"cg25884812","chr10",1233185
"cg17349486","chr10",1233675
"cg26361041","chr10",1234237
"cg02069524","chr10",1234332
"cg02204442","chr10",1234378
"cg02697989","chr10",1234979
"cg17221993","chr10",1234983
"cg07215869","chr10",1235975
"cg00525288","chr10",1236072
"cg11791289","chr10",1242192
"cg27467275","chr10",1245261
"cg14698025","chr10",1245418
"cg04344021","chr10",1245481
"cg03717931","chr10",1245836
"cg08284873","chr10",1246035
"cg10916515","chr10",1246336
"cg11142437","chr10",1247469
"cg26383468","chr10",1247560
"cg25054841","chr10",1247653
"cg27517502","chr10",1248770
"cg11342287","chr10",1248798
"cg12284235","chr10",1248818
"cg10724130","chr10",1249843
"cg19207066","chr10",1251074
"cg09394001","chr10",1251739
"cg05595753","chr10",1252146
"cg03183215","chr10",1252341
"cg14511364","chr10",1252504
"cg07137277","chr10",1252782
"cg07928363","chr10",1254425
"cg09251910","chr10",1254969
"cg18093771","chr10",1256339
"cg23864180","chr10",1256353
"cg15186969","chr10",1256369
"cg26939277","chr10",1256487
"cg04278975","chr10",1256574
"cg14040899","chr10",1256651
"cg05431532","chr10",1258462
"cg19192934","chr10",1260004
"cg02924954","chr10",1262895
"cg24515131","chr10",1263207
"cg18387659","chr10",1276341
"cg05570367","chr10",1279779
"cg26059292","chr10",1282702
"cg06328674","chr10",1284161
"cg07356555","chr10",1284242
"cg16419019","chr10",1285332
"cg10826702","chr10",1285425
"cg20257634","chr10",1285535
"cg16661473","chr10",1286479
"cg27299021","chr10",1286668
"cg16772023","chr10",1308866
"cg11323585","chr10",1308926
"cg04992974","chr10",1334207
"cg26540630","chr10",1334238
"cg27336068","chr10",1336103
"cg06422309","chr10",1352781
"cg20151301","chr10",1366415
"cg06385202","chr10",1367612
"cg13885156","chr10",1370331
"cg01364755","chr10",1370694
"cg04089420","chr10",1378575
"cg00615654","chr10",1382248
"cg17439770","chr10",1383257
"cg10435021","chr10",1383845
"cg05230927","chr10",1384058
"cg15806365","chr10",1386520
"cg11704601","chr10",1390610
"cg14058291","chr10",1393145
"cg27336481","chr10",1401915
"cg08978835","chr10",1402076
"cg03754605","chr10",1402253
"cg08971562","chr10",1402293
"cg01033356","chr10",1402917
"cg15292706","chr10",1404828
"cg12799314","chr10",1405193
"cg22172057","chr10",1405937
"cg17558772","chr10",1406218
"cg06563471","chr10",1406508
"cg18489675","chr10",1408561
"cg16615291","chr10",1410519
"cg02059512","chr10",1410671
"cg24065216","chr10",1413285
"cg16754015","chr10",1415068
"cg04271617","chr10",1416546
"cg05483559","chr10",1416597
"cg02408697","chr10",1416920
"cg25370941","chr10",1418884
"cg25065716","chr10",1422865
"cg23852670","chr10",1436655
"cg08482957","chr10",1437944
"cg09952232","chr10",1438024
"cg06182978","chr10",1438165
"cg07815694","chr10",1438686
"cg18302890","chr10",1440572
"cg13807886","chr10",1441722
"cg27117585","chr10",1443320
"cg04009446","chr10",1443686
"cg20425058","chr10",1444456
"cg15462970","chr10",1444586
"cg15518542","chr10",1444784
"cg07869405","chr10",1444797
"cg03079937","chr10",1444808
"cg23179265","chr10",1445134
"cg04855826","chr10",1445200
"cg27097575","chr10",1445317
"cg17077845","chr10",1446913
"cg15479754","chr10",1447082
"cg20112984","chr10",1447183
"cg26569590","chr10",1448043
"cg12533206","chr10",1448073
"cg02445968","chr10",1449028
"cg24743200","chr10",1451381
"cg09045305","chr10",1451460
"cg11993399","chr10",1451609
"cg13720710","chr10",1452970
"cg14667192","chr10",1453030
"cg12152703","chr10",1453105
"cg26394196","chr10",1453818
"cg16707438","chr10",1453903
"cg11861055","chr10",1453917
"cg05248655","chr10",1454265
"cg00363080","chr10",1454292
"cg17861863","chr10",1454387
"cg27404824","chr10",1454848
"cg14288594","chr10",1460509
"cg04401038","chr10",1462906
"cg20411671","chr10",1463014
"cg13683507","chr10",1463108
"cg04941831","chr10",1491207
"cg13771471","chr10",1505595
"cg26040809","chr10",1505626
"cg13911959","chr10",1505654
"cg16990474","chr10",1506175
"cg26555531","chr10",1507708
"cg12438430","chr10",1507896
"cg01446627","chr10",1508061
"cg04636331","chr10",1509224
"cg27566842","chr10",1509675
"cg04525441","chr10",1509792
"cg20731819","chr10",1509859
"cg04245026","chr10",1510077
"cg09316607","chr10",1511024
"cg13178198","chr10",1511228
"cg04012681","chr10",1511277
"cg18944640","chr10",1517083
"cg08227227","chr10",1517151
"cg15081722","chr10",1517340
"cg01277072","chr10",1526103
"cg07660114","chr10",1531034
"cg00972313","chr10",1531243
"cg04930661","chr10",1531405
"cg08678202","chr10",1546680
"cg19012696","chr10",1546821
"cg11498333","chr10",1547459
"cg19873199","chr10",1547478
"cg12805552","chr10",1547717
"cg16252868","chr10",1547983
"cg13681776","chr10",1549991
"cg17133972","chr10",1550073
"cg03213833","chr10",1551288
"cg17981439","chr10",1551326
"cg12513994","chr10",1558762
"cg17922326","chr10",1558808
"cg20455197","chr10",1558903
"cg16957758","chr10",1559112
"cg19942454","chr10",1559193
"cg12581741","chr10",1559249
"cg24127345","chr10",1560471
"cg20423602","chr10",1560592
"cg10041069","chr10",1560628
"cg23384737","chr10",1565114
"cg05750078","chr10",1567746
"cg12508258","chr10",1567872
"cg12205554","chr10",1567897
"cg07308975","chr10",1568806
"cg16706389","chr10",1568812
"cg19976363","chr10",1570039
"cg23593232","chr10",1570317
"cg19738950","chr10",1570338
"cg14429345","chr10",1570418
"cg24624695","chr10",1577265
"cg17672798","chr10",1580538
"cg20181180","chr10",1582604
"cg19096048","chr10",1585223
"cg26619296","chr10",1585286
"cg10544696","chr10",1585345
"cg07568644","chr10",1586340
"cg17276513","chr10",1587971
"cg19416590","chr10",1592894
"cg12098569","chr10",1594637
"cg14826909","chr10",1595543
"cg09265586","chr10",1595595
"cg01561194","chr10",1595633
"cg19533322","chr10",1595704
"cg19163058","chr10",1595785
"cg05289540","chr10",1595989
"cg13504411","chr10",1596029
"cg14434293","chr10",1596108
"cg22676877","chr10",1597804
"cg27429195","chr10",1602108
"cg06837068","chr10",1602622
"cg02887530","chr10",1609383
"cg11239697","chr10",1609706
"cg19548181","chr10",1609753
"cg04887078","chr10",1610558
"cg25356719","chr10",1638893
"cg15531433","chr10",1639090
"cg04513549","chr10",1651238
"cg06403156","chr10",1651293
"cg23853507","chr10",1651391
"cg02380151","chr10",1654236
"cg05506270","chr10",1654421
"cg23769345","chr10",1665183
"cg02726524","chr10",1665205
"cg17609948","chr10",1668625
"cg25578830","chr10",1668835
"cg14556787","chr10",1669329
"cg06028247","chr10",1686427
"cg10542123","chr10",1686470
"cg05407757","chr10",1690932
"cg23375593","chr10",1690988
"cg09326084","chr10",1692910
"cg08218646","chr10",1692977
"cg05810886","chr10",1693107
"cg12051364","chr10",1701675
"cg12037550","chr10",1705054
"cg05721751","chr10",1707576
"cg17405812","chr10",1708500
"cg05541367","chr10",1708667
"cg07488920","chr10",1708773
"cg04724406","chr10",1712918
"cg09514185","chr10",1712988
"cg00513169","chr10",1713065
"cg14786686","chr10",1713335
"cg26345613","chr10",1713384
"cg23631669","chr10",1713418
"cg16549151","chr10",1713900
"cg03152899","chr10",1714368
"cg03678558","chr10",1715879
"cg23695794","chr10",1725096
"cg14054842","chr10",1725154
"cg17898884","chr10",1725190
"cg00075956","chr10",1726078
"cg23934139","chr10",1726109
"cg11485894","chr10",1739346
"cg05441518","chr10",1739453
"cg13786326","chr10",1739665
"cg07156138","chr10",1744124
"cg17486764","chr10",1747589
"cg00525508","chr10",1749360
"cg15622527","chr10",1749494
"cg03480068","chr10",1749547
"cg20395881","chr10",1759215
"cg16282361","chr10",1767482
"cg08442149","chr10",1767484
"cg14288086","chr10",1767511
"cg23131974","chr10",1767723
"cg01341216","chr10",1767830
"cg10496420","chr10",1767915
"cg12090430","chr10",1769480
"cg18133357","chr10",1769525
"cg16646662","chr10",1778529
"cg17285208","chr10",1778594
"cg19810726","chr10",1778742
"cg07025949","chr10",1778844
"cg12557867","chr10",1779033
"cg00467420","chr10",1779432
"cg05307923","chr10",1779667
"cg14590817","chr10",1779730
"cg24184687","chr10",1779760
"cg06730723","chr10",1779819
"cg02899206","chr10",1779835
"cg03410436","chr10",1779904
"cg02270183","chr10",1779930
"cg18727303","chr10",1779972
"cg23684973","chr10",1780003
"cg02609848","chr10",1780184
"cg17000076","chr10",1780263
"cg25214376","chr10",1781920
"cg19964348","chr10",1781994
"cg17572155","chr10",1782183
"cg20249949","chr10",1789330
"cg06412320","chr10",1789454
"cg17886420","chr10",1796742
"cg01246642","chr10",1814066
"cg03801924","chr10",1814151
"cg01239367","chr10",1815498
"cg20513962","chr10",1815625
"cg20442128","chr10",1817005
"cg24579604","chr10",1827839
"cg23653240","chr10",1828900
"cg06526111","chr10",1828974
"cg10294939","chr10",1850312
"cg09810961","chr10",1850372
"cg03402698","chr10",1851598
"cg26364871","chr10",1889757
"cg16135695","chr10",1889970
"cg24265076","chr10",1939618
"cg12327866","chr10",1939663
"cg05730385","chr10",1939683
"cg02594532","chr10",1975000
"cg27336261","chr10",1975562
"cg00816387","chr10",1975591
"cg19299265","chr10",1975631
"cg03701930","chr10",1981436
"cg26110605","chr10",1981558
"cg16158484","chr10",1981672
"cg05276408","chr10",1994537
"cg12072770","chr10",1995014
"cg15150979","chr10",1995230
"cg23248615","chr10",2005709
"cg24082037","chr10",2005835
"cg07491809","chr10",2005878
"cg05518471","chr10",2006740
"cg25326122","chr10",2006790
"cg10166314","chr10",2006842
"cg05010113","chr10",2006950
"cg20718223","chr10",2035287
"cg15412682","chr10",2035312
"cg18620927","chr10",2035340
"cg11253042","chr10",2056586
"cg23281327","chr10",2056600
"cg02452460","chr10",2056700
"cg15854126","chr10",2057662
"cg11070489","chr10",2125396
"cg14159452","chr10",2125463
"cg23523659","chr10",2125911
"cg18477072","chr10",2141637
"cg15948071","chr10",2147500
"cg09189497","chr10",2147517
"cg07529353","chr10",2210611
"cg26098816","chr10",2210963
"cg12763430","chr10",2247630
"cg27423920","chr10",2249628
"cg16883132","chr10",2249991
